timestamp,file,accuracy,note
2026-07-24T16:54:19.368Z,mean,0.792611,baseline
2026-07-24T16:54:19.368Z,knifes.jpg,0.856400,baseline
2026-07-24T16:54:19.368Z,nose-plier.jpg,0.581993,baseline
2026-07-24T16:54:19.368Z,precision-screwdrivers.jpg,0.898190,baseline
2026-07-24T16:54:19.368Z,red-screwdrivers.jpg,0.833863,baseline
2026-07-24T16:57:30.000Z,mean,0.835789,tuned-final
2026-07-24T16:57:30.000Z,knifes.jpg,0.842700,tuned-final
2026-07-24T16:57:30.000Z,nose-plier.jpg,0.739115,tuned-final
2026-07-24T16:57:30.000Z,precision-screwdrivers.jpg,0.892942,tuned-final
2026-07-24T16:57:30.000Z,red-screwdrivers.jpg,0.868165,tuned-final
2026-07-24T16:59:04.980Z,mean,0.835789,verify-tuned
2026-07-24T16:59:04.980Z,knifes.jpg,0.842933,verify-tuned
2026-07-24T16:59:04.980Z,nose-plier.jpg,0.739115,verify-tuned
2026-07-24T16:59:04.980Z,precision-screwdrivers.jpg,0.892942,verify-tuned
2026-07-24T16:59:04.980Z,red-screwdrivers.jpg,0.868165,verify-tuned
2026-07-24T17:02:34.831Z,mean,0.752736,eval
2026-07-24T17:02:34.831Z,knifes.jpg,0.510723,eval
2026-07-24T17:02:34.831Z,nose-plier.jpg,0.739115,eval
2026-07-24T17:02:34.831Z,precision-screwdrivers.jpg,0.892942,eval
2026-07-24T17:02:34.831Z,red-screwdrivers.jpg,0.868165,eval
2026-07-24T17:04:40.298Z,mean,0.776103,eval
2026-07-24T17:04:40.298Z,knifes.jpg,0.641933,eval
2026-07-24T17:04:40.298Z,nose-plier.jpg,0.786387,eval
2026-07-24T17:04:40.298Z,precision-screwdrivers.jpg,0.797363,eval
2026-07-24T17:04:40.298Z,red-screwdrivers.jpg,0.878731,eval
2026-07-24T17:04:40.367Z,mean,0.776103,verify-tuned
2026-07-24T17:04:40.367Z,knifes.jpg,0.641933,verify-tuned
2026-07-24T17:04:40.367Z,nose-plier.jpg,0.786387,verify-tuned
2026-07-24T17:04:40.367Z,precision-screwdrivers.jpg,0.797363,verify-tuned
2026-07-24T17:04:40.367Z,red-screwdrivers.jpg,0.878731,verify-tuned
2026-07-24T17:04:51.905Z,mean,0.672826,eval
2026-07-24T17:04:51.905Z,knifes.jpg,0.446951,eval
2026-07-24T17:04:51.905Z,nose-plier.jpg,0.655488,eval
2026-07-24T17:04:51.905Z,precision-screwdrivers.jpg,0.778098,eval
2026-07-24T17:04:51.905Z,red-screwdrivers.jpg,0.810769,eval
2026-07-24T17:04:52.012Z,mean,0.672826,verify-tuned
2026-07-24T17:04:52.012Z,knifes.jpg,0.446951,verify-tuned
2026-07-24T17:04:52.012Z,nose-plier.jpg,0.655488,verify-tuned
2026-07-24T17:04:52.012Z,precision-screwdrivers.jpg,0.778098,verify-tuned
2026-07-24T17:04:52.012Z,red-screwdrivers.jpg,0.810769,verify-tuned
2026-07-24T17:04:57.972Z,mean,0.672826,seed-grow-v1
2026-07-24T17:04:57.972Z,knifes.jpg,0.446951,seed-grow-v1
2026-07-24T17:04:57.972Z,nose-plier.jpg,0.655488,seed-grow-v1
2026-07-24T17:04:57.972Z,precision-screwdrivers.jpg,0.778098,seed-grow-v1
2026-07-24T17:04:57.972Z,red-screwdrivers.jpg,0.810769,seed-grow-v1
2026-07-24T17:05:22.872Z,mean,0.672593,verify-tuned
2026-07-24T17:05:22.872Z,knifes.jpg,0.446951,verify-tuned
2026-07-24T17:05:22.872Z,nose-plier.jpg,0.654554,verify-tuned
2026-07-24T17:05:22.872Z,precision-screwdrivers.jpg,0.778098,verify-tuned
2026-07-24T17:05:22.872Z,red-screwdrivers.jpg,0.810769,verify-tuned
2026-07-24T17:05:23.047Z,mean,0.672593,seed-grow-v1
2026-07-24T17:05:23.047Z,knifes.jpg,0.446951,seed-grow-v1
2026-07-24T17:05:23.047Z,nose-plier.jpg,0.654554,seed-grow-v1
2026-07-24T17:05:23.047Z,precision-screwdrivers.jpg,0.778098,seed-grow-v1
2026-07-24T17:05:23.047Z,red-screwdrivers.jpg,0.810769,seed-grow-v1
2026-07-24T17:05:49.329Z,mean,0.680319,verify-tuned
2026-07-24T17:05:49.329Z,knifes.jpg,0.452662,verify-tuned
2026-07-24T17:05:49.329Z,nose-plier.jpg,0.691992,verify-tuned
2026-07-24T17:05:49.329Z,precision-screwdrivers.jpg,0.770981,verify-tuned
2026-07-24T17:05:49.329Z,red-screwdrivers.jpg,0.805640,verify-tuned
2026-07-24T17:05:49.521Z,mean,0.680319,seed-grow-v1
2026-07-24T17:05:49.521Z,knifes.jpg,0.452662,seed-grow-v1
2026-07-24T17:05:49.521Z,nose-plier.jpg,0.691992,seed-grow-v1
2026-07-24T17:05:49.521Z,precision-screwdrivers.jpg,0.770981,seed-grow-v1
2026-07-24T17:05:49.521Z,red-screwdrivers.jpg,0.805640,seed-grow-v1
2026-07-24T17:06:03.137Z,mean,0.680319,seed-cc-v2
2026-07-24T17:06:03.137Z,knifes.jpg,0.452662,seed-cc-v2
2026-07-24T17:06:03.137Z,nose-plier.jpg,0.691992,seed-cc-v2
2026-07-24T17:06:03.137Z,precision-screwdrivers.jpg,0.770981,seed-cc-v2
2026-07-24T17:06:03.137Z,red-screwdrivers.jpg,0.805640,seed-cc-v2
2026-07-24T17:07:20.293Z,mean,0.604230,seed-cc-v2
2026-07-24T17:07:20.293Z,knifes.jpg,0.410389,seed-cc-v2
2026-07-24T17:07:20.293Z,nose-plier.jpg,0.496022,seed-cc-v2
2026-07-24T17:07:20.293Z,precision-screwdrivers.jpg,0.708851,seed-cc-v2
2026-07-24T17:07:20.293Z,red-screwdrivers.jpg,0.801659,seed-cc-v2
2026-07-24T17:07:20.644Z,mean,0.604230,verify-tuned
2026-07-24T17:07:20.644Z,knifes.jpg,0.410389,verify-tuned
2026-07-24T17:07:20.644Z,nose-plier.jpg,0.496022,verify-tuned
2026-07-24T17:07:20.644Z,precision-screwdrivers.jpg,0.708851,verify-tuned
2026-07-24T17:07:20.644Z,red-screwdrivers.jpg,0.801659,verify-tuned
2026-07-24T17:07:31.690Z,mean,0.604230,grabcut-v1
2026-07-24T17:07:31.690Z,knifes.jpg,0.410389,grabcut-v1
2026-07-24T17:07:31.690Z,nose-plier.jpg,0.496022,grabcut-v1
2026-07-24T17:07:31.690Z,precision-screwdrivers.jpg,0.708851,grabcut-v1
2026-07-24T17:07:31.690Z,red-screwdrivers.jpg,0.801659,grabcut-v1
2026-07-24T17:08:25.713Z,mean,0.582960,grabcut-v1
2026-07-24T17:08:25.713Z,knifes.jpg,0.414889,grabcut-v1
2026-07-24T17:08:25.713Z,nose-plier.jpg,0.543802,grabcut-v1
2026-07-24T17:08:25.713Z,precision-screwdrivers.jpg,0.654096,grabcut-v1
2026-07-24T17:08:25.713Z,red-screwdrivers.jpg,0.719053,grabcut-v1
2026-07-24T17:08:25.809Z,mean,0.582960,verify-tuned
2026-07-24T17:08:25.809Z,knifes.jpg,0.414889,verify-tuned
2026-07-24T17:08:25.809Z,nose-plier.jpg,0.543802,verify-tuned
2026-07-24T17:08:25.809Z,precision-screwdrivers.jpg,0.654096,verify-tuned
2026-07-24T17:08:25.809Z,red-screwdrivers.jpg,0.719053,verify-tuned
2026-07-24T17:08:48.071Z,mean,0.582960,fringe-v1
2026-07-24T17:08:48.071Z,knifes.jpg,0.414889,fringe-v1
2026-07-24T17:08:48.071Z,nose-plier.jpg,0.543802,fringe-v1
2026-07-24T17:08:48.071Z,precision-screwdrivers.jpg,0.654096,fringe-v1
2026-07-24T17:08:48.071Z,red-screwdrivers.jpg,0.719053,fringe-v1
2026-07-24T17:09:49.808Z,mean,0.569083,fringe-v1
2026-07-24T17:09:49.808Z,knifes.jpg,0.410129,fringe-v1
2026-07-24T17:09:49.808Z,nose-plier.jpg,0.510835,fringe-v1
2026-07-24T17:09:49.808Z,precision-screwdrivers.jpg,0.651174,fringe-v1
2026-07-24T17:09:49.808Z,red-screwdrivers.jpg,0.704193,fringe-v1
2026-07-24T17:09:49.843Z,mean,0.569083,verify-tuned
2026-07-24T17:09:49.843Z,knifes.jpg,0.410129,verify-tuned
2026-07-24T17:09:49.843Z,nose-plier.jpg,0.510835,verify-tuned
2026-07-24T17:09:49.843Z,precision-screwdrivers.jpg,0.651174,verify-tuned
2026-07-24T17:09:49.843Z,red-screwdrivers.jpg,0.704193,verify-tuned
2026-07-24T17:10:16.788Z,mean,0.569083,edge-core-v1
2026-07-24T17:10:16.788Z,knifes.jpg,0.410129,edge-core-v1
2026-07-24T17:10:16.788Z,nose-plier.jpg,0.510835,edge-core-v1
2026-07-24T17:10:16.788Z,precision-screwdrivers.jpg,0.651174,edge-core-v1
2026-07-24T17:10:16.788Z,red-screwdrivers.jpg,0.704193,edge-core-v1
2026-07-24T17:11:00.353Z,mean,0.748957,edge-core-v1
2026-07-24T17:11:00.353Z,knifes.jpg,0.511873,edge-core-v1
2026-07-24T17:11:00.353Z,nose-plier.jpg,0.730059,edge-core-v1
2026-07-24T17:11:00.353Z,precision-screwdrivers.jpg,0.885043,edge-core-v1
2026-07-24T17:11:00.353Z,red-screwdrivers.jpg,0.868852,edge-core-v1
2026-07-24T17:11:00.379Z,mean,0.748957,verify-tuned
2026-07-24T17:11:00.379Z,knifes.jpg,0.511873,verify-tuned
2026-07-24T17:11:00.379Z,nose-plier.jpg,0.730059,verify-tuned
2026-07-24T17:11:00.379Z,precision-screwdrivers.jpg,0.885043,verify-tuned
2026-07-24T17:11:00.379Z,red-screwdrivers.jpg,0.868852,verify-tuned
2026-07-24T17:11:24.999Z,mean,0.748957,shadow-peel-v1
2026-07-24T17:11:24.999Z,knifes.jpg,0.511873,shadow-peel-v1
2026-07-24T17:11:24.999Z,nose-plier.jpg,0.730059,shadow-peel-v1
2026-07-24T17:11:24.999Z,precision-screwdrivers.jpg,0.885043,shadow-peel-v1
2026-07-24T17:11:24.999Z,red-screwdrivers.jpg,0.868852,shadow-peel-v1
2026-07-24T17:12:04.802Z,mean,0.810984,grid-tight
2026-07-24T17:12:04.802Z,knifes.jpg,0.839667,grid-tight
2026-07-24T17:12:04.802Z,nose-plier.jpg,0.778578,grid-tight
2026-07-24T17:12:04.802Z,precision-screwdrivers.jpg,0.724439,grid-tight
2026-07-24T17:12:04.802Z,red-screwdrivers.jpg,0.901254,grid-tight
2026-07-24T17:14:13.992Z,mean,0.768584,grid-balanced
2026-07-24T17:14:13.992Z,knifes.jpg,0.634170,grid-balanced
2026-07-24T17:14:13.992Z,nose-plier.jpg,0.770593,grid-balanced
2026-07-24T17:14:13.992Z,precision-screwdrivers.jpg,0.789646,grid-balanced
2026-07-24T17:14:13.992Z,red-screwdrivers.jpg,0.879925,grid-balanced
2026-07-24T17:16:34.321Z,mean,0.578361,shadow-peel-v1
2026-07-24T17:16:34.321Z,knifes.jpg,0.347933,shadow-peel-v1
2026-07-24T17:16:34.321Z,nose-plier.jpg,0.334216,shadow-peel-v1
2026-07-24T17:16:34.321Z,precision-screwdrivers.jpg,0.817327,shadow-peel-v1
2026-07-24T17:16:34.321Z,red-screwdrivers.jpg,0.813966,shadow-peel-v1
2026-07-24T17:16:34.368Z,mean,0.578361,verify-tuned
2026-07-24T17:16:34.368Z,knifes.jpg,0.347933,verify-tuned
2026-07-24T17:16:34.368Z,nose-plier.jpg,0.334216,verify-tuned
2026-07-24T17:16:34.368Z,precision-screwdrivers.jpg,0.817327,verify-tuned
2026-07-24T17:16:34.368Z,red-screwdrivers.jpg,0.813966,verify-tuned
2026-07-24T17:16:46.075Z,mean,0.578361,roi-grabcut-v1
2026-07-24T17:16:46.075Z,knifes.jpg,0.347933,roi-grabcut-v1
2026-07-24T17:16:46.075Z,nose-plier.jpg,0.334216,roi-grabcut-v1
2026-07-24T17:16:46.075Z,precision-screwdrivers.jpg,0.817327,roi-grabcut-v1
2026-07-24T17:16:46.075Z,red-screwdrivers.jpg,0.813966,roi-grabcut-v1
2026-07-24T17:17:46.997Z,mean,0.706639,verify-tuned
2026-07-24T17:17:46.997Z,knifes.jpg,0.651591,verify-tuned
2026-07-24T17:17:46.997Z,nose-plier.jpg,0.782051,verify-tuned
2026-07-24T17:17:46.997Z,precision-screwdrivers.jpg,0.602076,verify-tuned
2026-07-24T17:17:46.997Z,red-screwdrivers.jpg,0.790838,verify-tuned
2026-07-24T17:17:47.222Z,mean,0.706639,roi-grabcut-v1
2026-07-24T17:17:47.222Z,knifes.jpg,0.651591,roi-grabcut-v1
2026-07-24T17:17:47.222Z,nose-plier.jpg,0.782051,roi-grabcut-v1
2026-07-24T17:17:47.222Z,precision-screwdrivers.jpg,0.602076,roi-grabcut-v1
2026-07-24T17:17:47.222Z,red-screwdrivers.jpg,0.790838,roi-grabcut-v1
2026-07-24T17:18:53.347Z,mean,0.706639,dual-pass-v1
2026-07-24T17:18:53.347Z,knifes.jpg,0.651591,dual-pass-v1
2026-07-24T17:18:53.347Z,nose-plier.jpg,0.782051,dual-pass-v1
2026-07-24T17:18:53.347Z,precision-screwdrivers.jpg,0.602076,dual-pass-v1
2026-07-24T17:18:53.347Z,red-screwdrivers.jpg,0.790838,dual-pass-v1
2026-07-24T17:19:44.486Z,mean,0.813670,dual-pass-v1
2026-07-24T17:19:44.486Z,knifes.jpg,0.839792,dual-pass-v1
2026-07-24T17:19:44.486Z,nose-plier.jpg,0.781155,dual-pass-v1
2026-07-24T17:19:44.486Z,precision-screwdrivers.jpg,0.732161,dual-pass-v1
2026-07-24T17:19:44.486Z,red-screwdrivers.jpg,0.901571,dual-pass-v1
2026-07-24T17:19:44.532Z,mean,0.813670,verify-tuned
2026-07-24T17:19:44.532Z,knifes.jpg,0.839792,verify-tuned
2026-07-24T17:19:44.532Z,nose-plier.jpg,0.781155,verify-tuned
2026-07-24T17:19:44.532Z,precision-screwdrivers.jpg,0.732161,verify-tuned
2026-07-24T17:19:44.532Z,red-screwdrivers.jpg,0.901571,verify-tuned
2026-07-24T17:19:54.106Z,mean,0.813670,shadow-peel-best
2026-07-24T17:19:54.106Z,knifes.jpg,0.839792,shadow-peel-best
2026-07-24T17:19:54.106Z,nose-plier.jpg,0.781155,shadow-peel-best
2026-07-24T17:19:54.106Z,precision-screwdrivers.jpg,0.732161,shadow-peel-best
2026-07-24T17:19:54.106Z,red-screwdrivers.jpg,0.901571,shadow-peel-best
2026-07-24T17:21:20.040Z,mean,0.813670,fine-grid
2026-07-24T17:21:20.040Z,knifes.jpg,0.839792,fine-grid
2026-07-24T17:21:20.040Z,nose-plier.jpg,0.781155,fine-grid
2026-07-24T17:21:20.040Z,precision-screwdrivers.jpg,0.732161,fine-grid
2026-07-24T17:21:20.040Z,red-screwdrivers.jpg,0.901571,fine-grid
2026-07-24T17:23:24.859Z,mean,0.728732,shadow-peel-best
2026-07-24T17:23:24.859Z,knifes.jpg,0.483714,shadow-peel-best
2026-07-24T17:23:24.859Z,nose-plier.jpg,0.745129,shadow-peel-best
2026-07-24T17:23:24.859Z,precision-screwdrivers.jpg,0.857948,shadow-peel-best
2026-07-24T17:23:24.859Z,red-screwdrivers.jpg,0.828139,shadow-peel-best
2026-07-24T17:23:25.004Z,mean,0.728732,verify-tuned
2026-07-24T17:23:25.004Z,knifes.jpg,0.483714,verify-tuned
2026-07-24T17:23:25.004Z,nose-plier.jpg,0.745129,verify-tuned
2026-07-24T17:23:25.004Z,precision-screwdrivers.jpg,0.857948,verify-tuned
2026-07-24T17:23:25.004Z,red-screwdrivers.jpg,0.828139,verify-tuned
2026-07-24T17:23:32.632Z,mean,0.728732,verify-tuned
2026-07-24T17:23:32.632Z,knifes.jpg,0.483714,verify-tuned
2026-07-24T17:23:32.632Z,nose-plier.jpg,0.745129,verify-tuned
2026-07-24T17:23:32.632Z,precision-screwdrivers.jpg,0.857948,verify-tuned
2026-07-24T17:23:32.632Z,red-screwdrivers.jpg,0.828139,verify-tuned
2026-07-24T17:23:33.000Z,mean,0.728732,edge-mask-v2
2026-07-24T17:23:33.000Z,knifes.jpg,0.483714,edge-mask-v2
2026-07-24T17:23:33.000Z,nose-plier.jpg,0.745129,edge-mask-v2
2026-07-24T17:23:33.000Z,precision-screwdrivers.jpg,0.857948,edge-mask-v2
2026-07-24T17:23:33.000Z,red-screwdrivers.jpg,0.828139,edge-mask-v2
2026-07-24T17:25:12.314Z,mean,0.607483,edge-mask-v2
2026-07-24T17:25:12.314Z,knifes.jpg,0.422407,edge-mask-v2
2026-07-24T17:25:12.314Z,nose-plier.jpg,0.648802,edge-mask-v2
2026-07-24T17:25:12.314Z,precision-screwdrivers.jpg,0.644483,edge-mask-v2
2026-07-24T17:25:12.314Z,red-screwdrivers.jpg,0.714242,edge-mask-v2
2026-07-24T17:25:12.593Z,mean,0.607483,verify-tuned
2026-07-24T17:25:12.593Z,knifes.jpg,0.422407,verify-tuned
2026-07-24T17:25:12.593Z,nose-plier.jpg,0.648802,verify-tuned
2026-07-24T17:25:12.593Z,precision-screwdrivers.jpg,0.644483,verify-tuned
2026-07-24T17:25:12.593Z,red-screwdrivers.jpg,0.714242,verify-tuned
2026-07-24T17:25:15.874Z,mean,0.607483,verify-tuned
2026-07-24T17:25:15.874Z,knifes.jpg,0.422407,verify-tuned
2026-07-24T17:25:15.874Z,nose-plier.jpg,0.648802,verify-tuned
2026-07-24T17:25:15.874Z,precision-screwdrivers.jpg,0.644483,verify-tuned
2026-07-24T17:25:15.874Z,red-screwdrivers.jpg,0.714242,verify-tuned
2026-07-24T17:25:17.225Z,mean,0.607483,thin-recovery-v1
2026-07-24T17:25:17.225Z,knifes.jpg,0.422407,thin-recovery-v1
2026-07-24T17:25:17.225Z,nose-plier.jpg,0.648802,thin-recovery-v1
2026-07-24T17:25:17.225Z,precision-screwdrivers.jpg,0.644483,thin-recovery-v1
2026-07-24T17:25:17.225Z,red-screwdrivers.jpg,0.714242,thin-recovery-v1
2026-07-24T17:26:11.457Z,mean,0.785428,verify-tuned
2026-07-24T17:26:11.457Z,knifes.jpg,0.741062,verify-tuned
2026-07-24T17:26:11.457Z,nose-plier.jpg,0.790664,verify-tuned
2026-07-24T17:26:11.457Z,precision-screwdrivers.jpg,0.744299,verify-tuned
2026-07-24T17:26:11.457Z,red-screwdrivers.jpg,0.865687,verify-tuned
2026-07-24T17:26:11.559Z,mean,0.785428,thin-recovery-v2
2026-07-24T17:26:11.559Z,knifes.jpg,0.741062,thin-recovery-v2
2026-07-24T17:26:11.559Z,nose-plier.jpg,0.790664,thin-recovery-v2
2026-07-24T17:26:11.559Z,precision-screwdrivers.jpg,0.744299,thin-recovery-v2
2026-07-24T17:26:11.559Z,red-screwdrivers.jpg,0.865687,thin-recovery-v2
2026-07-24T17:27:21.283Z,mean,0.640213,verify-tuned
2026-07-24T17:27:21.283Z,knifes.jpg,0.425847,verify-tuned
2026-07-24T17:27:21.283Z,nose-plier.jpg,0.671686,verify-tuned
2026-07-24T17:27:21.283Z,precision-screwdrivers.jpg,0.739044,verify-tuned
2026-07-24T17:27:21.283Z,red-screwdrivers.jpg,0.724276,verify-tuned
2026-07-24T17:27:21.421Z,mean,0.640213,thin-recovery-v2
2026-07-24T17:27:21.421Z,knifes.jpg,0.425847,thin-recovery-v2
2026-07-24T17:27:21.421Z,nose-plier.jpg,0.671686,thin-recovery-v2
2026-07-24T17:27:21.421Z,precision-screwdrivers.jpg,0.739044,thin-recovery-v2
2026-07-24T17:27:21.421Z,red-screwdrivers.jpg,0.724276,thin-recovery-v2
2026-07-24T17:27:28.664Z,mean,0.640213,adaptive-peel-v1
2026-07-24T17:27:28.664Z,knifes.jpg,0.425847,adaptive-peel-v1
2026-07-24T17:27:28.664Z,nose-plier.jpg,0.671686,adaptive-peel-v1
2026-07-24T17:27:28.664Z,precision-screwdrivers.jpg,0.739044,adaptive-peel-v1
2026-07-24T17:27:28.664Z,red-screwdrivers.jpg,0.724276,adaptive-peel-v1
2026-07-24T17:27:41.810Z,mean,0.751552,verify-tuned
2026-07-24T17:27:41.810Z,knifes.jpg,0.507630,verify-tuned
2026-07-24T17:27:41.810Z,nose-plier.jpg,0.741409,verify-tuned
2026-07-24T17:27:41.810Z,precision-screwdrivers.jpg,0.889165,verify-tuned
2026-07-24T17:27:41.810Z,red-screwdrivers.jpg,0.868005,verify-tuned
2026-07-24T17:27:42.097Z,mean,0.751552,adaptive-peel-v2
2026-07-24T17:27:42.097Z,knifes.jpg,0.507630,adaptive-peel-v2
2026-07-24T17:27:42.097Z,nose-plier.jpg,0.741409,adaptive-peel-v2
2026-07-24T17:27:42.097Z,precision-screwdrivers.jpg,0.889165,adaptive-peel-v2
2026-07-24T17:27:42.097Z,red-screwdrivers.jpg,0.868005,adaptive-peel-v2
2026-07-24T17:28:55.005Z,mean,0.751155,adaptive-peel-v2
2026-07-24T17:28:55.005Z,knifes.jpg,0.511454,adaptive-peel-v2
2026-07-24T17:28:55.005Z,nose-plier.jpg,0.740159,adaptive-peel-v2
2026-07-24T17:28:55.005Z,precision-screwdrivers.jpg,0.885043,adaptive-peel-v2
2026-07-24T17:28:55.005Z,red-screwdrivers.jpg,0.867964,adaptive-peel-v2
2026-07-24T17:28:55.041Z,mean,0.751155,verify-tuned
2026-07-24T17:28:55.041Z,knifes.jpg,0.511454,verify-tuned
2026-07-24T17:28:55.041Z,nose-plier.jpg,0.740159,verify-tuned
2026-07-24T17:28:55.041Z,precision-screwdrivers.jpg,0.885043,verify-tuned
2026-07-24T17:28:55.041Z,red-screwdrivers.jpg,0.867964,verify-tuned
2026-07-24T17:28:58.129Z,mean,0.751155,conservative-peel
2026-07-24T17:28:58.129Z,knifes.jpg,0.511454,conservative-peel
2026-07-24T17:28:58.129Z,nose-plier.jpg,0.740159,conservative-peel
2026-07-24T17:28:58.129Z,precision-screwdrivers.jpg,0.885043,conservative-peel
2026-07-24T17:28:58.129Z,red-screwdrivers.jpg,0.867964,conservative-peel
2026-07-24T17:31:46.967Z,mean,0.790252,conservative-peel
2026-07-24T17:31:46.967Z,knifes.jpg,0.743414,conservative-peel
2026-07-24T17:31:46.967Z,nose-plier.jpg,0.786820,conservative-peel
2026-07-24T17:31:46.967Z,precision-screwdrivers.jpg,0.728182,conservative-peel
2026-07-24T17:31:46.967Z,red-screwdrivers.jpg,0.902591,conservative-peel
2026-07-24T17:31:47.317Z,mean,0.790252,verify-tuned
2026-07-24T17:31:47.317Z,knifes.jpg,0.743414,verify-tuned
2026-07-24T17:31:47.317Z,nose-plier.jpg,0.786820,verify-tuned
2026-07-24T17:31:47.317Z,precision-screwdrivers.jpg,0.728182,verify-tuned
2026-07-24T17:31:47.317Z,red-screwdrivers.jpg,0.902591,verify-tuned
2026-07-24T17:31:49.983Z,mean,0.790252,dual-path-v3
2026-07-24T17:31:49.983Z,knifes.jpg,0.743414,dual-path-v3
2026-07-24T17:31:49.983Z,nose-plier.jpg,0.786820,dual-path-v3
2026-07-24T17:31:49.983Z,precision-screwdrivers.jpg,0.728182,dual-path-v3
2026-07-24T17:31:49.983Z,red-screwdrivers.jpg,0.902591,dual-path-v3
2026-07-24T17:34:06.418Z,mean,0.751155,dual-path-v3
2026-07-24T17:34:06.418Z,knifes.jpg,0.511454,dual-path-v3
2026-07-24T17:34:06.418Z,nose-plier.jpg,0.740159,dual-path-v3
2026-07-24T17:34:06.418Z,precision-screwdrivers.jpg,0.885043,dual-path-v3
2026-07-24T17:34:06.418Z,red-screwdrivers.jpg,0.867964,dual-path-v3
2026-07-24T17:34:06.534Z,mean,0.751155,verify-tuned
2026-07-24T17:34:06.534Z,knifes.jpg,0.511454,verify-tuned
2026-07-24T17:34:06.534Z,nose-plier.jpg,0.740159,verify-tuned
2026-07-24T17:34:06.534Z,precision-screwdrivers.jpg,0.885043,verify-tuned
2026-07-24T17:34:06.534Z,red-screwdrivers.jpg,0.867964,verify-tuned
2026-07-24T17:34:09.224Z,mean,0.751155,edge-hard-peel
2026-07-24T17:34:09.224Z,knifes.jpg,0.511454,edge-hard-peel
2026-07-24T17:34:09.224Z,nose-plier.jpg,0.740159,edge-hard-peel
2026-07-24T17:34:09.224Z,precision-screwdrivers.jpg,0.885043,edge-hard-peel
2026-07-24T17:34:09.224Z,red-screwdrivers.jpg,0.867964,edge-hard-peel
2026-07-24T17:35:29.265Z,mean,0.751155,edge-hard-peel
2026-07-24T17:35:29.265Z,knifes.jpg,0.511454,edge-hard-peel
2026-07-24T17:35:29.265Z,nose-plier.jpg,0.740159,edge-hard-peel
2026-07-24T17:35:29.265Z,precision-screwdrivers.jpg,0.885043,edge-hard-peel
2026-07-24T17:35:29.265Z,red-screwdrivers.jpg,0.867964,edge-hard-peel
2026-07-24T17:35:29.420Z,mean,0.751155,no-peel-baseline
2026-07-24T17:35:29.420Z,knifes.jpg,0.511454,no-peel-baseline
2026-07-24T17:35:29.420Z,nose-plier.jpg,0.740159,no-peel-baseline
2026-07-24T17:35:29.420Z,precision-screwdrivers.jpg,0.885043,no-peel-baseline
2026-07-24T17:35:29.420Z,red-screwdrivers.jpg,0.867964,no-peel-baseline
2026-07-24T17:35:30.208Z,mean,0.751155,with-peel
2026-07-24T17:35:30.208Z,knifes.jpg,0.511454,with-peel
2026-07-24T17:35:30.208Z,nose-plier.jpg,0.740159,with-peel
2026-07-24T17:35:30.208Z,precision-screwdrivers.jpg,0.885043,with-peel
2026-07-24T17:35:30.208Z,red-screwdrivers.jpg,0.867964,with-peel
2026-07-24T17:35:35.885Z,mean,0.751155,verify-tuned
2026-07-24T17:35:35.885Z,knifes.jpg,0.511454,verify-tuned
2026-07-24T17:35:35.885Z,nose-plier.jpg,0.740159,verify-tuned
2026-07-24T17:35:35.885Z,precision-screwdrivers.jpg,0.885043,verify-tuned
2026-07-24T17:35:35.885Z,red-screwdrivers.jpg,0.867964,verify-tuned
2026-07-24T17:35:58.115Z,mean,0.834230,restored-knifes-no-peel
2026-07-24T17:35:58.115Z,knifes.jpg,0.843753,restored-knifes-no-peel
2026-07-24T17:35:58.115Z,nose-plier.jpg,0.740159,restored-knifes-no-peel
2026-07-24T17:35:58.115Z,precision-screwdrivers.jpg,0.885043,restored-knifes-no-peel
2026-07-24T17:35:58.115Z,red-screwdrivers.jpg,0.867964,restored-knifes-no-peel
2026-07-24T17:35:58.858Z,mean,0.834269,restored-knifes-peel
2026-07-24T17:35:58.858Z,knifes.jpg,0.843753,restored-knifes-peel
2026-07-24T17:35:58.858Z,nose-plier.jpg,0.740317,restored-knifes-peel
2026-07-24T17:35:58.858Z,precision-screwdrivers.jpg,0.885043,restored-knifes-peel
2026-07-24T17:35:58.858Z,red-screwdrivers.jpg,0.867964,restored-knifes-peel
2026-07-24T17:35:59.567Z,mean,0.737542,restored-knifes-strict-peel
2026-07-24T17:35:59.567Z,knifes.jpg,0.544431,restored-knifes-strict-peel
2026-07-24T17:35:59.567Z,nose-plier.jpg,0.780035,restored-knifes-strict-peel
2026-07-24T17:35:59.567Z,precision-screwdrivers.jpg,0.724439,restored-knifes-strict-peel
2026-07-24T17:35:59.567Z,red-screwdrivers.jpg,0.901262,restored-knifes-strict-peel
2026-07-24T17:37:16.350Z,mean,0.839805,sweep-best
2026-07-24T17:37:16.350Z,knifes.jpg,0.849811,sweep-best
2026-07-24T17:37:16.350Z,nose-plier.jpg,0.751861,sweep-best
2026-07-24T17:37:16.350Z,precision-screwdrivers.jpg,0.885043,sweep-best
2026-07-24T17:37:16.350Z,red-screwdrivers.jpg,0.872504,sweep-best
2026-07-24T17:38:10.115Z,mean,0.834230,edge-hard-peel
2026-07-24T17:38:10.115Z,knifes.jpg,0.843753,edge-hard-peel
2026-07-24T17:38:10.115Z,nose-plier.jpg,0.740159,edge-hard-peel
2026-07-24T17:38:10.115Z,precision-screwdrivers.jpg,0.885043,edge-hard-peel
2026-07-24T17:38:10.115Z,red-screwdrivers.jpg,0.867964,edge-hard-peel
2026-07-24T17:38:11.320Z,mean,0.834230,verify-tuned
2026-07-24T17:38:11.320Z,knifes.jpg,0.843753,verify-tuned
2026-07-24T17:38:11.320Z,nose-plier.jpg,0.740159,verify-tuned
2026-07-24T17:38:11.320Z,precision-screwdrivers.jpg,0.885043,verify-tuned
2026-07-24T17:38:11.320Z,red-screwdrivers.jpg,0.867964,verify-tuned
2026-07-24T17:38:17.049Z,mean,0.834230,otsu-shadow-split
2026-07-24T17:38:17.049Z,knifes.jpg,0.843753,otsu-shadow-split
2026-07-24T17:38:17.049Z,nose-plier.jpg,0.740159,otsu-shadow-split
2026-07-24T17:38:17.049Z,precision-screwdrivers.jpg,0.885043,otsu-shadow-split
2026-07-24T17:38:17.049Z,red-screwdrivers.jpg,0.867964,otsu-shadow-split
2026-07-24T17:39:53.114Z,mean,0.812932,edge-hard-peel
2026-07-24T17:39:53.114Z,knifes.jpg,0.754955,edge-hard-peel
2026-07-24T17:39:53.114Z,nose-plier.jpg,0.740159,edge-hard-peel
2026-07-24T17:39:53.114Z,precision-screwdrivers.jpg,0.879275,edge-hard-peel
2026-07-24T17:39:53.114Z,red-screwdrivers.jpg,0.877339,edge-hard-peel
2026-07-24T17:39:54.766Z,mean,0.812932,verify-tuned
2026-07-24T17:39:54.766Z,knifes.jpg,0.754955,verify-tuned
2026-07-24T17:39:54.766Z,nose-plier.jpg,0.740159,verify-tuned
2026-07-24T17:39:54.766Z,precision-screwdrivers.jpg,0.879275,verify-tuned
2026-07-24T17:39:54.766Z,red-screwdrivers.jpg,0.877339,verify-tuned
2026-07-24T17:39:56.916Z,mean,0.812932,otsu-smooth-shadow
2026-07-24T17:39:56.916Z,knifes.jpg,0.754955,otsu-smooth-shadow
2026-07-24T17:39:56.916Z,nose-plier.jpg,0.740159,otsu-smooth-shadow
2026-07-24T17:39:56.916Z,precision-screwdrivers.jpg,0.879275,otsu-smooth-shadow
2026-07-24T17:39:56.916Z,red-screwdrivers.jpg,0.877339,otsu-smooth-shadow
2026-07-24T17:40:17.596Z,mean,0.834230,otsu-bright-shadow
2026-07-24T17:40:17.596Z,knifes.jpg,0.843753,otsu-bright-shadow
2026-07-24T17:40:17.596Z,nose-plier.jpg,0.740159,otsu-bright-shadow
2026-07-24T17:40:17.596Z,precision-screwdrivers.jpg,0.885043,otsu-bright-shadow
2026-07-24T17:40:17.596Z,red-screwdrivers.jpg,0.867964,otsu-bright-shadow
2026-07-24T17:40:17.769Z,mean,0.834230,edge-hard-peel
2026-07-24T17:40:17.769Z,knifes.jpg,0.843753,edge-hard-peel
2026-07-24T17:40:17.769Z,nose-plier.jpg,0.740159,edge-hard-peel
2026-07-24T17:40:17.769Z,precision-screwdrivers.jpg,0.885043,edge-hard-peel
2026-07-24T17:40:17.769Z,red-screwdrivers.jpg,0.867964,edge-hard-peel
2026-07-24T17:40:24.483Z,mean,0.834230,verify-tuned
2026-07-24T17:40:24.483Z,knifes.jpg,0.843753,verify-tuned
2026-07-24T17:40:24.483Z,nose-plier.jpg,0.740159,verify-tuned
2026-07-24T17:40:24.483Z,precision-screwdrivers.jpg,0.885043,verify-tuned
2026-07-24T17:40:24.483Z,red-screwdrivers.jpg,0.867964,verify-tuned
2026-07-24T17:41:31.273Z,mean,0.799696,edge-hard-peel
2026-07-24T17:41:31.273Z,knifes.jpg,0.886811,edge-hard-peel
2026-07-24T17:41:31.273Z,nose-plier.jpg,0.777585,edge-hard-peel
2026-07-24T17:41:31.273Z,precision-screwdrivers.jpg,0.693941,edge-hard-peel
2026-07-24T17:41:31.273Z,red-screwdrivers.jpg,0.840446,edge-hard-peel
2026-07-24T17:41:32.541Z,mean,0.799696,verify-tuned
2026-07-24T17:41:32.541Z,knifes.jpg,0.886811,verify-tuned
2026-07-24T17:41:32.541Z,nose-plier.jpg,0.777585,verify-tuned
2026-07-24T17:41:32.541Z,precision-screwdrivers.jpg,0.693941,verify-tuned
2026-07-24T17:41:32.541Z,red-screwdrivers.jpg,0.840446,verify-tuned
2026-07-24T17:41:38.255Z,mean,0.799696,chroma-peel-edge
2026-07-24T17:41:38.255Z,knifes.jpg,0.886811,chroma-peel-edge
2026-07-24T17:41:38.255Z,nose-plier.jpg,0.777585,chroma-peel-edge
2026-07-24T17:41:38.255Z,precision-screwdrivers.jpg,0.693941,chroma-peel-edge
2026-07-24T17:41:38.255Z,red-screwdrivers.jpg,0.840446,chroma-peel-edge
2026-07-24T17:41:50.742Z,mean,0.800096,edge-hard-peel
2026-07-24T17:41:50.742Z,knifes.jpg,0.784816,edge-hard-peel
2026-07-24T17:41:50.742Z,nose-plier.jpg,0.705929,edge-hard-peel
2026-07-24T17:41:50.742Z,precision-screwdrivers.jpg,0.830220,edge-hard-peel
2026-07-24T17:41:50.742Z,red-screwdrivers.jpg,0.879418,edge-hard-peel
2026-07-24T17:41:56.663Z,mean,0.789391,edge-hard-peel
2026-07-24T17:41:56.663Z,knifes.jpg,0.783446,edge-hard-peel
2026-07-24T17:41:56.663Z,nose-plier.jpg,0.651584,edge-hard-peel
2026-07-24T17:41:56.663Z,precision-screwdrivers.jpg,0.830220,edge-hard-peel
2026-07-24T17:41:56.663Z,red-screwdrivers.jpg,0.892315,edge-hard-peel
2026-07-24T17:42:05.542Z,mean,0.789391,verify-tuned
2026-07-24T17:42:05.542Z,knifes.jpg,0.783446,verify-tuned
2026-07-24T17:42:05.542Z,nose-plier.jpg,0.651584,verify-tuned
2026-07-24T17:42:05.542Z,precision-screwdrivers.jpg,0.830220,verify-tuned
2026-07-24T17:42:05.542Z,red-screwdrivers.jpg,0.892315,verify-tuned
2026-07-24T17:42:12.053Z,mean,0.798589,chroma-peel-v2-best
2026-07-24T17:42:12.053Z,knifes.jpg,0.830746,chroma-peel-v2-best
2026-07-24T17:42:12.053Z,nose-plier.jpg,0.645597,chroma-peel-v2-best
2026-07-24T17:42:12.053Z,precision-screwdrivers.jpg,0.830220,chroma-peel-v2-best
2026-07-24T17:42:12.053Z,red-screwdrivers.jpg,0.887796,chroma-peel-v2-best
2026-07-24T17:43:55.364Z,mean,0.811925,edge-hard-peel
2026-07-24T17:43:55.364Z,knifes.jpg,0.744788,edge-hard-peel
2026-07-24T17:43:55.364Z,nose-plier.jpg,0.726211,edge-hard-peel
2026-07-24T17:43:55.364Z,precision-screwdrivers.jpg,0.874879,edge-hard-peel
2026-07-24T17:43:55.364Z,red-screwdrivers.jpg,0.901824,edge-hard-peel
2026-07-24T17:43:56.642Z,mean,0.811925,verify-tuned
2026-07-24T17:43:56.642Z,knifes.jpg,0.744788,verify-tuned
2026-07-24T17:43:56.642Z,nose-plier.jpg,0.726211,verify-tuned
2026-07-24T17:43:56.642Z,precision-screwdrivers.jpg,0.874879,verify-tuned
2026-07-24T17:43:56.642Z,red-screwdrivers.jpg,0.901824,verify-tuned
2026-07-24T17:44:02.297Z,mean,0.811925,geodesic-recon
2026-07-24T17:44:02.297Z,knifes.jpg,0.744788,geodesic-recon
2026-07-24T17:44:02.297Z,nose-plier.jpg,0.726211,geodesic-recon
2026-07-24T17:44:02.297Z,precision-screwdrivers.jpg,0.874879,geodesic-recon
2026-07-24T17:44:02.297Z,red-screwdrivers.jpg,0.901824,geodesic-recon
2026-07-24T17:44:20.432Z,mean,0.826493,edge-hard-peel
2026-07-24T17:44:20.432Z,knifes.jpg,0.811680,edge-hard-peel
2026-07-24T17:44:20.432Z,nose-plier.jpg,0.740159,edge-hard-peel
2026-07-24T17:44:20.432Z,precision-screwdrivers.jpg,0.885043,edge-hard-peel
2026-07-24T17:44:20.432Z,red-screwdrivers.jpg,0.869089,edge-hard-peel
2026-07-24T17:44:20.890Z,mean,0.826493,geodesic-recon-v2
2026-07-24T17:44:20.890Z,knifes.jpg,0.811680,geodesic-recon-v2
2026-07-24T17:44:20.890Z,nose-plier.jpg,0.740159,geodesic-recon-v2
2026-07-24T17:44:20.890Z,precision-screwdrivers.jpg,0.885043,geodesic-recon-v2
2026-07-24T17:44:20.890Z,red-screwdrivers.jpg,0.869089,geodesic-recon-v2
2026-07-24T17:44:25.208Z,mean,0.826493,verify-tuned
2026-07-24T17:44:25.208Z,knifes.jpg,0.811680,verify-tuned
2026-07-24T17:44:25.208Z,nose-plier.jpg,0.740159,verify-tuned
2026-07-24T17:44:25.208Z,precision-screwdrivers.jpg,0.885043,verify-tuned
2026-07-24T17:44:25.208Z,red-screwdrivers.jpg,0.869089,verify-tuned
2026-07-24T17:45:31.697Z,mean,0.819191,edge-hard-peel
2026-07-24T17:45:31.697Z,knifes.jpg,0.843054,edge-hard-peel
2026-07-24T17:45:31.697Z,nose-plier.jpg,0.743326,edge-hard-peel
2026-07-24T17:45:31.697Z,precision-screwdrivers.jpg,0.831203,edge-hard-peel
2026-07-24T17:45:31.697Z,red-screwdrivers.jpg,0.859182,edge-hard-peel
2026-07-24T17:45:31.709Z,mean,0.819191,verify-tuned
2026-07-24T17:45:31.709Z,knifes.jpg,0.843054,verify-tuned
2026-07-24T17:45:31.709Z,nose-plier.jpg,0.743326,verify-tuned
2026-07-24T17:45:31.709Z,precision-screwdrivers.jpg,0.831203,verify-tuned
2026-07-24T17:45:31.709Z,red-screwdrivers.jpg,0.859182,verify-tuned
2026-07-24T17:45:38.295Z,mean,0.819191,adaptive-chroma-geodesic
2026-07-24T17:45:38.295Z,knifes.jpg,0.843054,adaptive-chroma-geodesic
2026-07-24T17:45:38.295Z,nose-plier.jpg,0.743326,adaptive-chroma-geodesic
2026-07-24T17:45:38.295Z,precision-screwdrivers.jpg,0.831203,adaptive-chroma-geodesic
2026-07-24T17:45:38.295Z,red-screwdrivers.jpg,0.859182,adaptive-chroma-geodesic
2026-07-24T17:46:30.779Z,mean,0.829808,approx-sweep-best
2026-07-24T17:46:30.779Z,knifes.jpg,0.843276,approx-sweep-best
2026-07-24T17:46:30.779Z,nose-plier.jpg,0.755650,approx-sweep-best
2026-07-24T17:46:30.779Z,precision-screwdrivers.jpg,0.842917,approx-sweep-best
2026-07-24T17:46:30.779Z,red-screwdrivers.jpg,0.877390,approx-sweep-best
2026-07-24T17:46:59.161Z,mean,0.834230,edge-hard-peel
2026-07-24T17:46:59.161Z,knifes.jpg,0.843753,edge-hard-peel
2026-07-24T17:46:59.161Z,nose-plier.jpg,0.740159,edge-hard-peel
2026-07-24T17:46:59.161Z,precision-screwdrivers.jpg,0.885043,edge-hard-peel
2026-07-24T17:46:59.161Z,red-screwdrivers.jpg,0.867964,edge-hard-peel
2026-07-24T17:46:59.267Z,mean,0.834230,verify-tuned
2026-07-24T17:46:59.267Z,knifes.jpg,0.843753,verify-tuned
2026-07-24T17:46:59.267Z,nose-plier.jpg,0.740159,verify-tuned
2026-07-24T17:46:59.267Z,precision-screwdrivers.jpg,0.885043,verify-tuned
2026-07-24T17:46:59.267Z,red-screwdrivers.jpg,0.867964,verify-tuned
2026-07-24T17:47:01.937Z,mean,0.834230,baseline-restored
2026-07-24T17:47:01.937Z,knifes.jpg,0.843753,baseline-restored
2026-07-24T17:47:01.937Z,nose-plier.jpg,0.740159,baseline-restored
2026-07-24T17:47:01.937Z,precision-screwdrivers.jpg,0.885043,baseline-restored
2026-07-24T17:47:01.937Z,red-screwdrivers.jpg,0.867964,baseline-restored
